Name, Honest Client Num, Client Time, Server Time(Amt.), Comm. Cost(KB)
AML Groth16, 32, 2.5378863s, 1.389281ms, 4.078125
AML Groth16, 64, 2.519817616s, 1.407914ms, 3.265625
AML Groth16, 128, 2.518586087s, 1.477175ms, 2.765625
AML Groth16, 256, 2.536405188s, 1.517017ms, 2.421875
AML Groth16, 512, 2.525518313s, 1.405415ms, 2.140625
AML Groth16, 1024, 2.460041679s, 2.073284ms, 1.953125
AML Groth16, 2048, 2.545523145s, 1.609337ms, 1.796875
AML Groth16, 4096, 2.605804467s, 2.613917ms, 1.671875
AML Groth16, 8192, 2.622062367s, 3.094433ms, 1.546875
